Model,CV_MAE_Mean,CV_MAE_Std,CV_RMSE_Mean,CV_RMSE_Std,CV_R2_Mean,CV_R2_Std,Test_MAE,Test_RMSE,Test_R2
Linear Regression,12.440155680588003,0.318375534475276,14.39133660877997,0.2642695388310783,-0.006768045252297172,0.004611516817958663,12.23945181156023,14.19241728225273,0.0023709536742874127
