Model,CV_MAE_Mean,CV_MAE_Std,CV_RMSE_Mean,CV_RMSE_Std,CV_R2_Mean,CV_R2_Std,Test_MAE,Test_RMSE,Test_R2
Linear Regression,12.449799822567206,0.3201867209017232,14.41339827525815,0.25970240774604475,-0.00987471589261708,0.0057235907043871265,12.269955861524295,14.233940729410103,-0.0034752099114283563
