Model,Best_Params,CV_MAE_Mean,CV_MAE_Std,CV_RMSE_Mean,CV_RMSE_Std,CV_R2_Mean,CV_R2_Std,Test_MAE,Test_RMSE,Test_R2
Random Forest Regressor,"{'max_depth': 10, 'min_samples_split': 10, 'n_estimators': 200}",12.47046100595276,0.27464533290130544,14.453397153597663,0.23006168046337008,-0.015616793500146641,0.012079387987878424,12.26759007251198,14.258150054017218,-0.006891567603700244
