Model,Best_Params,CV_MAE_Mean,CV_MAE_Std,CV_RMSE_Mean,CV_RMSE_Std,CV_R2_Mean,CV_R2_Std,Test_MAE,Test_RMSE,Test_R2
Random Forest Regressor,"{'max_depth': 10, 'min_samples_split': 10, 'n_estimators': 200}",12.430536254691292,0.2891109199455607,14.406227756576024,0.2472675392559997,-0.008901903431392322,0.005923644935615508,12.270846779407318,14.256385642002657,-0.0066423821695080765
