Model,Best_Alpha,CV_MAE_Mean,CV_MAE_Std,CV_RMSE_Mean,CV_RMSE_Std,CV_R2_Mean,CV_R2_Std,Test_MAE,Test_RMSE,Test_R2
Ridge Regression,100.0,12.437672139537764,0.3202554733563052,14.387010370046912,0.26703418535545964,-0.006153579802199572,0.004192055175612989,12.242041121739181,14.193329354322008,0.002242724802755336
