Model,Best_Alpha,CV_MAE_Mean,CV_MAE_Std,CV_RMSE_Mean,CV_RMSE_Std,CV_R2_Mean,CV_R2_Std,Test_MAE,Test_RMSE,Test_R2
Ridge Regression,100.0,12.448039219422203,0.3198103786203831,14.407787091163263,0.26242707900823475,-0.00907900486197788,0.0052895647630253236,12.27143407484645,14.233222068407125,-0.0033738830464158376
