Model,Best_Params,CV_MAE_Mean,CV_MAE_Std,CV_RMSE_Mean,CV_RMSE_Std,CV_R2_Mean,CV_R2_Std,Test_MAE,Test_RMSE,Test_R2
SVR,"{'C': 0.1, 'epsilon': 0.2, 'gamma': 0.1}",12.404510810016312,0.32962478261077566,14.356629020898342,0.273592420592082,-0.0018829782449894638,0.002319923931288708,12.254061564452076,14.21237684027409,-0.00043705799276527735
