Model,Best_Params,CV_MAE_Mean,CV_MAE_Std,CV_RMSE_Mean,CV_RMSE_Std,CV_R2_Mean,CV_R2_Std,Test_MAE,Test_RMSE,Test_R2
SVR,"{'C': 0.1, 'epsilon': 0.1, 'gamma': 0.1}",12.40455651626664,0.32936566775537235,14.360160707904821,0.2767699190033641,-0.0023688343452374027,0.002712642756665479,12.218611198667459,14.176038593492386,0.004672242715977548
