Model,Best_Params,CV_MAE_Mean,CV_MAE_Std,CV_RMSE_Mean,CV_RMSE_Std,CV_R2_Mean,CV_R2_Std,Test_MAE,Test_RMSE,Test_R2
XGBoost Regressor,"{'learning_rate': 0.01, 'max_depth': 3, 'n_estimators': 100, 'subsample': 0.8}",12.40603753578186,0.3071615186731077,14.351296980640523,0.25612947421597887,-0.001183900742243904,0.0022943943195256524,12.241683606872558,14.197388092877862,0.0016720038901247847
