Model,Best_Params,CV_MAE_Mean,CV_MAE_Std,CV_RMSE_Mean,CV_RMSE_Std,CV_R2_Mean,CV_R2_Std,Test_MAE,Test_RMSE,Test_R2
XGBoost Regressor,"{'learning_rate': 0.01, 'max_depth': 3, 'n_estimators': 100, 'subsample': 0.8}",12.409925063858033,0.2990275753173276,14.350230400824767,0.2491634684470805,-0.001058044961630289,0.0040139395539446785,12.239451536254883,14.192687611051058,0.0023329488123482456
