Model,Train MAE,Test MAE,Train RMSE,Test RMSE,Train R2,Test R2,CV R2 Mean,CV R2 Std
Linear Regression,0.2763500045188696,0.2761466453777645,0.3593853108773801,0.3609267201278273,0.8705992198542314,0.8706996077619524,0.8704214072817053,0.0015646478777718
Ridge Regression,0.2763673595137844,0.2761653382994876,0.3593853490184523,0.3609281760153419,0.8705991923879738,0.8706985646293948,0.870421674196626,0.0015645850305692
Random Forest,0.2578768068142483,0.2784020012335839,0.3275599929433967,0.3594006708600228,0.8925026009748893,0.8717906969613759,0.8710487102974085,0.0013029642824149
XGBoost,0.2765310278190445,0.2780140013742582,0.3547153256928503,0.3585282310042128,0.8739403329231019,0.8724123938687172,0.8720886282985548,0.0012974091127588
