Model,Train MAE,Test MAE,Train RMSE,Test RMSE,Train R2,Test R2,CV R2 Mean,CV R2 Std
Linear Regression,0.2763500045188696,0.27614664537776457,0.3593853108773801,0.36092672012782734,0.8705992198542314,0.8706996077619524,0.8704214072817053,0.001564647877771872
