Model,Train MAE,Test MAE,Train RMSE,Test RMSE,Train R2,Test R2,CV R2 Mean,CV R2 Std
Random Forest,0.2578768068142483,0.27840200123358394,0.3275599929433967,0.35940067086002286,0.8925026009748893,0.8717906969613759,0.8710487102974085,0.0013029642824149092
