Model,Train MAE,Test MAE,Train RMSE,Test RMSE,Train R2,Test R2,CV R2 Mean,CV R2 Std
Ridge Regression,0.2763673595137844,0.27616533829948764,0.3593853490184523,0.3609281760153419,0.8705991923879738,0.8706985646293948,0.870421674196626,0.0015645850305692711
