Model,Train MAE,Test MAE,Train RMSE,Test RMSE,Train R2,Test R2,CV R2 Mean,CV R2 Std
XGBoost,0.2765310278190445,0.2780140013742582,0.35471532569285036,0.3585282310042128,0.8739403329231019,0.8724123938687172,0.8720886282985548,0.0012974091127588383
